transcript	feature	chrom_start	chrom_end	gene_offset_start_0based	gene_offset_end_exclusive
ENST00000361682.11	exon	19941772	19941897	0	126
ENST00000361682.11	exon	19961199	19961289	19427	19518
ENST00000361682.11	exon	19962527	19962815	20755	21044
ENST00000361682.11	exon	19963566	19963759	21794	21988
ENST00000361682.11	exon	19964168	19964299	22396	22528
ENST00000361682.11	exon	19968536	19969975	26764	28204
ENST00000361682.11	CDS	19962527	19962815	20755	21044
ENST00000361682.11	CDS	19963566	19963759	21794	21988
ENST00000361682.11	CDS	19964168	19964299	22396	22528
ENST00000361682.11	CDS	19968536	19968733	26764	26962
ENST00000361682.11	stop_codon	19968734	19968736	26962	26965
